{"_data": [{"_id": {"_id": "7d12b380-38bf-11ed-bcd0-25f41c394e0c", "_entity_type": "DASHBOARD", "discriminator": null}, "_created_time": 1663663060664, "_tenant_id": {"_id": "21a1fcf0-b264-11eb-a12e-ffb44c71c895", "_entity_type": "TENANT", "discriminator": null}, "_title": "CPH Dashbord NEW NEW", "_image": null, "_assigned_customers": null, "_mobile_hide": false, "_mobile_order": null, "_version": null, "_name": "CPH Dashbord NEW NEW", "discriminator": null}, {"_id": {"_id": "b4c92db0-c834-11eb-8dfc-ad2d4a6e0349", "_entity_type": "DASHBOARD", "discriminator": null}, "_created_time": 1623141426187, "_tenant_id": {"_id": "21a1fcf0-b264-11eb-a12e-ffb44c71c895", "_entity_type": "TENANT", "discriminator": null}, "_title": "UNDP Indoor Air Quality", "_image": null, "_assigned_customers": null, "_mobile_hide": false, "_mobile_order": null, "_version": null, "_name": "UNDP Indoor Air Quality", "discriminator": null}, {"_id": {"_id": "77076b00-72d8-11ec-82e6-e3702ceceecd", "_entity_type": "DASHBOARD", "discriminator": null}, "_created_time": 1641903457712, "_tenant_id": {"_id": "21a1fcf0-b264-11eb-a12e-ffb44c71c895", "_entity_type": "TENANT", "discriminator": null}, "_title": "IoT Webinar - Dashbord", "_image": null, "_assigned_customers": null, "_mobile_hide": false, "_mobile_order": null, "_version": null, "_name": "IoT Webinar - Dashbord", "discriminator": null}, {"_id": {"_id": "8336d6a0-cfa7-11ec-a19f-e3702ceceecd", "_entity_type": "DASHBOARD", "discriminator": null}, "_created_time": 1652107890954, "_tenant_id": {"_id": "21a1fcf0-b264-11eb-a12e-ffb44c71c895", "_entity_type": "TENANT", "discriminator": null}, "_title": "LoRa - PCMM energy monitoring", "_image": null, "_assigned_customers": null, "_mobile_hide": false, "_mobile_order": null, "_version": null, "_name": "LoRa - PCMM energy monitoring", "discriminator": null}, {"_id": {"_id": "d7f37ca0-68d7-11ee-8a7e-050ad358362c", "_entity_type": "DASHBOARD", "discriminator": null}, "_created_time": 1697098674538, "_tenant_id": {"_id": "21a1fcf0-b264-11eb-a12e-ffb44c71c895", "_entity_type": "TENANT", "discriminator": null}, "_title": "Namibia NAM UNDP CO", "_image": null, "_assigned_customers": null, "_mobile_hide": false, "_mobile_order": null, "_version": null, "_name": "Namibia NAM UNDP CO", "discriminator": null}, {"_id": {"_id": "21c8ca00-d226-11ec-a19f-e3702ceceecd", "_entity_type": "DASHBOARD", "discriminator": null}, "_created_time": 1652382175904, "_tenant_id": {"_id": "21a1fcf0-b264-11eb-a12e-ffb44c71c895", "_entity_type": "TENANT", "discriminator": null}, "_title": "Barbados - Smart UNDP Facilities", "_image": null, "_assigned_customers": null, "_mobile_hide": false, "_mobile_order": null, "_version": null, "_name": "Barbados - Smart UNDP Facilities", "discriminator": null}, {"_id": {"_id": "a6655f20-b1e2-11ed-b282-951dfde39323", "_entity_type": "DASHBOARD", "discriminator": null}, "_created_time": 1676982253074, "_tenant_id": {"_id": "21a1fcf0-b264-11eb-a12e-ffb44c71c895", "_entity_type": "TENANT", "discriminator": null}, "_title": "SWARM Kit", "_image": null, "_assigned_customers": null, "_mobile_hide": false, "_mobile_order": null, "_version": null, "_name": "SWARM Kit", "discriminator": null}, {"_id": {"_id": "53a9fa60-dd43-11ee-b3ec-db8c8ed9fba2", "_entity_type": "DASHBOARD", "discriminator": null}, "_created_time": 1709899173126, "_tenant_id": {"_id": "21a1fcf0-b264-11eb-a12e-ffb44c71c895", "_entity_type": "TENANT", "discriminator": null}, "_title": "Bhutan BTN UNDP CO", "_image": null, "_assigned_customers": null, "_mobile_hide": false, "_mobile_order": null, "_version": null, "_name": "Bhutan BTN UNDP CO", "discriminator": null}, {"_id": {"_id": "0a6b7390-972d-11ed-8b79-0149979c1a9e", "_entity_type": "DASHBOARD", "discriminator": null}, "_created_time": 1674045522249, "_tenant_id": {"_id": "21a1fcf0-b264-11eb-a12e-ffb44c71c895", "_entity_type": "TENANT", "discriminator": null}, "_title": "Test", "_image": null, "_assigned_customers": null, "_mobile_hide": false, "_mobile_order": null, "_version": null, "_name": "Test", "discriminator": null}, {"_id": {"_id": "97a12830-8abc-11ee-8a7e-050ad358362c", "_entity_type": "DASHBOARD", "discriminator": null}, "_created_time": 1700825309747, "_tenant_id": {"_id": "21a1fcf0-b264-11eb-a12e-ffb44c71c895", "_entity_type": "TENANT", "discriminator": null}, "_title": "Saudi Arabia  SAU UNDP CO", "_image": null, "_assigned_customers": null, "_mobile_hide": false, "_mobile_order": null, "_version": null, "_name": "Saudi Arabia  SAU UNDP CO", "discriminator": null}, {"_id": {"_id": "21c757d0-772d-11ee-8a7e-050ad358362c", "_entity_type": "DASHBOARD", "discriminator": null}, "_created_time": 1698674621901, "_tenant_id": {"_id": "21a1fcf0-b264-11eb-a12e-ffb44c71c895", "_entity_type": "TENANT", "discriminator": null}, "_title": "Albania ALB UNDP CO", "_image": null, "_assigned_customers": null, "_mobile_hide": false, "_mobile_order": null, "_version": null, "_name": "Albania ALB UNDP CO", "discriminator": null}, {"_id": {"_id": "22563ec0-fff5-11eb-9eae-ad2d4a6e0349", "_entity_type": "DASHBOARD", "discriminator": null}, "_created_time": 1629271387308, "_tenant_id": {"_id": "21a1fcf0-b264-11eb-a12e-ffb44c71c895", "_entity_type": "TENANT", "discriminator": null}, "_title": "UNDP (CPH) Indoor Air Quality", "_image": null, "_assigned_customers": null, "_mobile_hide": false, "_mobile_order": null, "_version": null, "_name": "UNDP (CPH) Indoor Air Quality", "discriminator": null}, {"_id": {"_id": "2aab8f70-b653-11ec-a19f-e3702ceceecd", "_entity_type": "DASHBOARD", "discriminator": null}, "_created_time": 1649322885607, "_tenant_id": {"_id": "21a1fcf0-b264-11eb-a12e-ffb44c71c895", "_entity_type": "TENANT", "discriminator": null}, "_title": "Sao Tome and Principe - SF4Health - Tuberculose Laboratory", "_image": null, "_assigned_customers": null, "_mobile_hide": false, "_mobile_order": null, "_version": null, "_name": "Sao Tome and Principe - SF4Health - Tuberculose Laboratory", "discriminator": null}, {"_id": {"_id": "30d088e0-ce28-11ed-8a7e-050ad358362c", "_entity_type": "DASHBOARD", "discriminator": null}, "_created_time": 1680090753134, "_tenant_id": {"_id": "21a1fcf0-b264-11eb-a12e-ffb44c71c895", "_entity_type": "TENANT", "discriminator": null}, "_title": "Burkina Faso | United Nations Development Programme - V2", "_image": null, "_assigned_customers": null, "_mobile_hide": false, "_mobile_order": null, "_version": null, "_name": "Burkina Faso | United Nations Development Programme - V2", "discriminator": null}, {"_id": {"_id": "32d3dc20-c1b5-11ed-8a7e-050ad358362c", "_entity_type": "DASHBOARD", "discriminator": null}, "_created_time": 1678721950434, "_tenant_id": {"_id": "21a1fcf0-b264-11eb-a12e-ffb44c71c895", "_entity_type": "TENANT", "discriminator": null}, "_title": "DHE - NER - Niger", "_image": null, "_assigned_customers": null, "_mobile_hide": false, "_mobile_order": null, "_version": null, "_name": "DHE - NER - Niger", "discriminator": null}, {"_id": {"_id": "38624910-ebeb-11ec-80dd-67857b0c1cc8", "_entity_type": "DASHBOARD", "discriminator": null}, "_created_time": 1655215603745, "_tenant_id": {"_id": "21a1fcf0-b264-11eb-a12e-ffb44c71c895", "_entity_type": "TENANT", "discriminator": null}, "_title": "Uganda - Smart UNDP Facilities", "_image": null, "_assigned_customers": null, "_mobile_hide": false, "_mobile_order": null, "_version": null, "_name": "Uganda - Smart UNDP Facilities", "discriminator": null}, {"_id": {"_id": "3e3ba480-846a-11ee-8a7e-050ad358362c", "_entity_type": "DASHBOARD", "discriminator": null}, "_created_time": 1700130234056, "_tenant_id": {"_id": "21a1fcf0-b264-11eb-a12e-ffb44c71c895", "_entity_type": "TENANT", "discriminator": null}, "_title": "SF4Health, Afghanistan AFG - Main Map", "_image": null, "_assigned_customers": null, "_mobile_hide": false, "_mobile_order": null, "_version": null, "_name": "SF4Health, Afghanistan AFG - Main Map", "discriminator": null}, {"_id": {"_id": "51973d70-c956-11ed-8a7e-050ad358362c", "_entity_type": "DASHBOARD", "discriminator": null}, "_created_time": 1679560809159, "_tenant_id": {"_id": "21a1fcf0-b264-11eb-a12e-ffb44c71c895", "_entity_type": "TENANT", "discriminator": null}, "_title": "01- MOZ - Mozambique - Pemba - V2", "_image": null, "_assigned_customers": null, "_mobile_hide": false, "_mobile_order": null, "_version": null, "_name": "01- MOZ - Mozambique - Pemba - V2", "discriminator": null}, {"_id": {"_id": "561e8060-ae7c-11ec-a19f-e3702ceceecd", "_entity_type": "DASHBOARD", "discriminator": null}, "_created_time": 1648460958566, "_tenant_id": {"_id": "21a1fcf0-b264-11eb-a12e-ffb44c71c895", "_entity_type": "TENANT", "discriminator": null}, "_title": " Burkina Faso | United Nations Development Programme", "_image": null, "_assigned_customers": null, "_mobile_hide": false, "_mobile_order": null, "_version": null, "_name": " Burkina Faso | United Nations Development Programme", "discriminator": null}, {"_id": {"_id": "5ec8f3e0-f084-11ec-80dd-67857b0c1cc8", "_entity_type": "DASHBOARD", "discriminator": null}, "_created_time": 1655721185822, "_tenant_id": {"_id": "21a1fcf0-b264-11eb-a12e-ffb44c71c895", "_entity_type": "TENANT", "discriminator": null}, "_title": "Tanzania - Smart UNDP Facilities", "_image": null, "_assigned_customers": null, "_mobile_hide": false, "_mobile_order": null, "_version": null, "_name": "Tanzania - Smart UNDP Facilities", "discriminator": null}, {"_id": {"_id": "5f41ef80-d9a5-11eb-8dfc-ad2d4a6e0349", "_entity_type": "DASHBOARD", "discriminator": null}, "_created_time": 1625058985592, "_tenant_id": {"_id": "21a1fcf0-b264-11eb-a12e-ffb44c71c895", "_entity_type": "TENANT", "discriminator": null}, "_title": "Desk/Room Occpancy", "_image": null, "_assigned_customers": null, "_mobile_hide": false, "_mobile_order": null, "_version": null, "_name": "Desk/Room Occpancy", "discriminator": null}, {"_id": {"_id": "73adbf00-f2f1-11ed-8a7e-050ad358362c", "_entity_type": "DASHBOARD", "discriminator": null}, "_created_time": 1684135436016, "_tenant_id": {"_id": "21a1fcf0-b264-11eb-a12e-ffb44c71c895", "_entity_type": "TENANT", "discriminator": null}, "_title": "South Sudan - SF4Health - 3 sites - v2", "_image": null, "_assigned_customers": null, "_mobile_hide": false, "_mobile_order": null, "_version": null, "_name": "South Sudan - SF4Health - 3 sites - v2", "discriminator": null}, {"_id": {"_id": "8fac47a0-4992-11ef-a2b5-317877fcdd91", "_entity_type": "DASHBOARD", "discriminator": null}, "_created_time": 1721807929626, "_tenant_id": {"_id": "21a1fcf0-b264-11eb-a12e-ffb44c71c895", "_entity_type": "TENANT", "discriminator": null}, "_title": "UNV Bonn Germany", "_image": null, "_assigned_customers": null, "_mobile_hide": false, "_mobile_order": null, "_version": null, "_name": "UNV Bonn Germany", "discriminator": null}, {"_id": {"_id": "a8fa16d0-fa3b-11ed-8a7e-050ad358362c", "_entity_type": "DASHBOARD", "discriminator": null}, "_created_time": 1684936966333, "_tenant_id": {"_id": "21a1fcf0-b264-11eb-a12e-ffb44c71c895", "_entity_type": "TENANT", "discriminator": null}, "_title": "Niger NER UNDP CO", "_image": null, "_assigned_customers": null, "_mobile_hide": false, "_mobile_order": null, "_version": null, "_name": "Niger NER UNDP CO", "discriminator": null}, {"_id": {"_id": "91faeee0-d2d2-11ed-8a7e-050ad358362c", "_entity_type": "DASHBOARD", "discriminator": null}, "_created_time": 1680603735246, "_tenant_id": {"_id": "21a1fcf0-b264-11eb-a12e-ffb44c71c895", "_entity_type": "TENANT", "discriminator": null}, "_title": "Barbados - Smart UNDP Facilities - v2", "_image": null, "_assigned_customers": null, "_mobile_hide": false, "_mobile_order": null, "_version": null, "_name": "Barbados - Smart UNDP Facilities - v2", "discriminator": null}, {"_id": {"_id": "7acfe0d0-7710-11ee-8a7e-050ad358362c", "_entity_type": "DASHBOARD", "discriminator": null}, "_created_time": 1698662315869, "_tenant_id": {"_id": "21a1fcf0-b264-11eb-a12e-ffb44c71c895", "_entity_type": "TENANT", "discriminator": null}, "_title": "North Macedonia MKD UNDP CO", "_image": null, "_assigned_customers": null, "_mobile_hide": false, "_mobile_order": null, "_version": null, "_name": "North Macedonia MKD UNDP CO", "discriminator": null}, {"_id": {"_id": "fa599de0-5eb6-11ee-8a7e-050ad358362c", "_entity_type": "DASHBOARD", "discriminator": null}, "_created_time": 1695985047230, "_tenant_id": {"_id": "21a1fcf0-b264-11eb-a12e-ffb44c71c895", "_entity_type": "TENANT", "discriminator": null}, "_title": "Senegal SEN UNDP CO", "_image": null, "_assigned_customers": null, "_mobile_hide": false, "_mobile_order": null, "_version": null, "_name": "Senegal SEN UNDP CO", "discriminator": null}, {"_id": {"_id": "fc9da2f0-5d20-11ee-8a7e-050ad358362c", "_entity_type": "DASHBOARD", "discriminator": null}, "_created_time": 1695810675359, "_tenant_id": {"_id": "21a1fcf0-b264-11eb-a12e-ffb44c71c895", "_entity_type": "TENANT", "discriminator": null}, "_title": "Bosnia and Herzegovina BIH UNDP CO", "_image": null, "_assigned_customers": null, "_mobile_hide": false, "_mobile_order": null, "_version": null, "_name": "Bosnia and Herzegovina BIH UNDP CO", "discriminator": null}, {"_id": {"_id": "b751ef30-26cf-11ee-8a7e-050ad358362c", "_entity_type": "DASHBOARD", "discriminator": null}, "_created_time": 1689838407075, "_tenant_id": {"_id": "21a1fcf0-b264-11eb-a12e-ffb44c71c895", "_entity_type": "TENANT", "discriminator": null}, "_title": "UN City Copenhagen - Clinic", "_image": null, "_assigned_customers": null, "_mobile_hide": false, "_mobile_order": null, "_version": null, "_name": "UN City Copenhagen - Clinic", "discriminator": null}, {"_id": {"_id": "c18d4840-74d2-11ee-8a7e-050ad358362c", "_entity_type": "DASHBOARD", "discriminator": null}, "_created_time": 1698415903428, "_tenant_id": {"_id": "21a1fcf0-b264-11eb-a12e-ffb44c71c895", "_entity_type": "TENANT", "discriminator": null}, "_title": "Djibouti - SF4Health - HLB", "_image": null, "_assigned_customers": null, "_mobile_hide": false, "_mobile_order": null, "_version": null, "_name": "Djibouti - SF4Health - HLB", "discriminator": null}, {"_id": {"_id": "cc1f7040-b44c-11ed-b282-951dfde39323", "_entity_type": "DASHBOARD", "discriminator": null}, "_created_time": 1677247745348, "_tenant_id": {"_id": "21a1fcf0-b264-11eb-a12e-ffb44c71c895", "_entity_type": "TENANT", "discriminator": null}, "_title": "01- MOZ - Mozambique - Pemba", "_image": null, "_assigned_customers": null, "_mobile_hide": false, "_mobile_order": null, "_version": null, "_name": "01- MOZ - Mozambique - Pemba", "discriminator": null}, {"_id": {"_id": "d2bc19d0-31e4-11ec-a7e9-97f42ea4f6d3", "_entity_type": "DASHBOARD", "discriminator": null}, "_created_time": 1634761939949, "_tenant_id": {"_id": "21a1fcf0-b264-11eb-a12e-ffb44c71c895", "_entity_type": "TENANT", "discriminator": null}, "_title": "South Sudan - Cold Storage Monitoring", "_image": null, "_assigned_customers": null, "_mobile_hide": false, "_mobile_order": null, "_version": null, "_name": "South Sudan - Cold Storage Monitoring", "discriminator": null}, {"_id": {"_id": "af546f40-723a-11ee-8a7e-050ad358362c", "_entity_type": "DASHBOARD", "discriminator": null}, "_created_time": 1698130687028, "_tenant_id": {"_id": "21a1fcf0-b264-11eb-a12e-ffb44c71c895", "_entity_type": "TENANT", "discriminator": null}, "_title": "Mali MLI UNDP CO", "_image": null, "_assigned_customers": null, "_mobile_hide": false, "_mobile_order": null, "_version": null, "_name": "Mali MLI UNDP CO", "discriminator": null}, {"_id": {"_id": "d6895880-bc34-11ed-8a7e-050ad358362c", "_entity_type": "DASHBOARD", "discriminator": null}, "_created_time": 1678117064200, "_tenant_id": {"_id": "21a1fcf0-b264-11eb-a12e-ffb44c71c895", "_entity_type": "TENANT", "discriminator": null}, "_title": "Air Quality Monitoring", "_image": null, "_assigned_customers": null, "_mobile_hide": false, "_mobile_order": null, "_version": null, "_name": "Air Quality Monitoring", "discriminator": null}, {"_id": {"_id": "d68fc120-bc34-11ed-8a7e-050ad358362c", "_entity_type": "DASHBOARD", "discriminator": null}, "_created_time": 1678117064242, "_tenant_id": {"_id": "21a1fcf0-b264-11eb-a12e-ffb44c71c895", "_entity_type": "TENANT", "discriminator": null}, "_title": "Air Quality Monitoring Administration", "_image": null, "_assigned_customers": null, "_mobile_hide": false, "_mobile_order": null, "_version": null, "_name": "Air Quality Monitoring Administration", "discriminator": null}, {"_id": {"_id": "df2dbdc0-1c7d-11ed-a08d-67857b0c1cc8", "_entity_type": "DASHBOARD", "discriminator": null}, "_created_time": 1660556245916, "_tenant_id": {"_id": "21a1fcf0-b264-11eb-a12e-ffb44c71c895", "_entity_type": "TENANT", "discriminator": null}, "_title": "Weather Dashboard", "_image": null, "_assigned_customers": null, "_mobile_hide": false, "_mobile_order": null, "_version": null, "_name": "Weather Dashboard", "discriminator": null}, {"_id": {"_id": "df63c230-d235-11ed-8a7e-050ad358362c", "_entity_type": "DASHBOARD", "discriminator": null}, "_created_time": 1680536434131, "_tenant_id": {"_id": "21a1fcf0-b264-11eb-a12e-ffb44c71c895", "_entity_type": "TENANT", "discriminator": null}, "_title": "Sao Tome and Principe - SF4Health - Tuberculose Laboratory - v2", "_image": null, "_assigned_customers": null, "_mobile_hide": false, "_mobile_order": null, "_version": null, "_name": "Sao Tome and Principe - SF4Health - Tuberculose Laboratory - v2", "discriminator": null}, {"_id": {"_id": "e69f08d0-1fc3-11ee-8a7e-050ad358362c", "_entity_type": "DASHBOARD", "discriminator": null}, "_created_time": 1689063674333, "_tenant_id": {"_id": "21a1fcf0-b264-11eb-a12e-ffb44c71c895", "_entity_type": "TENANT", "discriminator": null}, "_title": "Fleet tracking", "_image": null, "_assigned_customers": null, "_mobile_hide": false, "_mobile_order": null, "_version": null, "_name": "Fleet tracking", "discriminator": null}, {"_id": {"_id": "ebfc9470-d232-11ed-8a7e-050ad358362c", "_entity_type": "DASHBOARD", "discriminator": null}, "_created_time": 1680535166775, "_tenant_id": {"_id": "21a1fcf0-b264-11eb-a12e-ffb44c71c895", "_entity_type": "TENANT", "discriminator": null}, "_title": "Uganda - SF4Health - 11 Health Clinics - v2", "_image": null, "_assigned_customers": null, "_mobile_hide": false, "_mobile_order": null, "_version": null, "_name": "Uganda - SF4Health - 11 Health Clinics - v2", "discriminator": null}, {"_id": {"_id": "f01b3fe0-8376-11ec-a19f-e3702ceceecd", "_entity_type": "DASHBOARD", "discriminator": null}, "_created_time": 1643730739934, "_tenant_id": {"_id": "21a1fcf0-b264-11eb-a12e-ffb44c71c895", "_entity_type": "TENANT", "discriminator": null}, "_title": "South Sudan - SF4Health - 3 sites", "_image": null, "_assigned_customers": null, "_mobile_hide": false, "_mobile_order": null, "_version": null, "_name": "South Sudan - SF4Health - 3 sites", "discriminator": null}, {"_id": {"_id": "f1043500-8875-11ee-8a7e-050ad358362c", "_entity_type": "DASHBOARD", "discriminator": null}, "_created_time": 1700575063120, "_tenant_id": {"_id": "21a1fcf0-b264-11eb-a12e-ffb44c71c895", "_entity_type": "TENANT", "discriminator": null}, "_title": "SF4Health, Afghanistan, NMLCP", "_image": null, "_assigned_customers": null, "_mobile_hide": false, "_mobile_order": null, "_version": null, "_name": "SF4Health, Afghanistan, NMLCP", "discriminator": null}, {"_id": {"_id": "fcafffd0-b19c-11ec-a19f-e3702ceceecd", "_entity_type": "DASHBOARD", "discriminator": null}, "_created_time": 1648804835405, "_tenant_id": {"_id": "21a1fcf0-b264-11eb-a12e-ffb44c71c895", "_entity_type": "TENANT", "discriminator": null}, "_title": "Uganda - SF4Health - 11 Health Clinics", "_image": null, "_assigned_customers": null, "_mobile_hide": false, "_mobile_order": null, "_version": null, "_name": "Uganda - SF4Health - 11 Health Clinics", "discriminator": null}, {"_id": {"_id": "aefabcf0-abbd-11ed-b282-951dfde39323", "_entity_type": "DASHBOARD", "discriminator": null}, "_created_time": 1676306669119, "_tenant_id": {"_id": "21a1fcf0-b264-11eb-a12e-ffb44c71c895", "_entity_type": "TENANT", "discriminator": null}, "_title": "UNDP CPH 4th Floor 4 5 Finger", "_image": null, "_assigned_customers": null, "_mobile_hide": false, "_mobile_order": null, "_version": null, "_name": "UNDP CPH 4th Floor 4 5 Finger", "discriminator": null}, {"_id": {"_id": "8899c990-1042-11ee-8a7e-050ad358362c", "_entity_type": "DASHBOARD", "discriminator": null}, "_created_time": 1687358844073, "_tenant_id": {"_id": "21a1fcf0-b264-11eb-a12e-ffb44c71c895", "_entity_type": "TENANT", "discriminator": null}, "_title": "Eritrea ERI UNDP CO", "_image": null, "_assigned_customers": null, "_mobile_hide": false, "_mobile_order": null, "_version": null, "_name": "Eritrea ERI UNDP CO", "discriminator": null}, {"_id": {"_id": "12ef4870-d233-11ed-8a7e-050ad358362c", "_entity_type": "DASHBOARD", "discriminator": null}, "_created_time": 1680535232119, "_tenant_id": {"_id": "21a1fcf0-b264-11eb-a12e-ffb44c71c895", "_entity_type": "TENANT", "discriminator": null}, "_title": "Uganda - Smart UNDP Facilities - v2", "_image": null, "_assigned_customers": null, "_mobile_hide": false, "_mobile_order": null, "_version": null, "_name": "Uganda - Smart UNDP Facilities - v2", "discriminator": null}, {"_id": {"_id": "05707030-1f34-11ef-b3ec-db8c8ed9fba2", "_entity_type": "DASHBOARD", "discriminator": null}, "_created_time": 1717149376179, "_tenant_id": {"_id": "21a1fcf0-b264-11eb-a12e-ffb44c71c895", "_entity_type": "TENANT", "discriminator": null}, "_title": "Malawi MWI UNDP CO", "_image": null, "_assigned_customers": null, "_mobile_hide": false, "_mobile_order": null, "_version": null, "_name": "Malawi MWI UNDP CO", "discriminator": null}, {"_id": {"_id": "00fcd6d0-ea40-11ed-8a7e-050ad358362c", "_entity_type": "DASHBOARD", "discriminator": null}, "_created_time": 1683179613373, "_tenant_id": {"_id": "21a1fcf0-b264-11eb-a12e-ffb44c71c895", "_entity_type": "TENANT", "discriminator": null}, "_title": "Indonesia IDN UNDP CO", "_image": null, "_assigned_customers": null, "_mobile_hide": false, "_mobile_order": null, "_version": null, "_name": "Indonesia IDN UNDP CO", "discriminator": null}, {"_id": {"_id": "9ca44950-4e4f-11ef-a2b5-317877fcdd91", "_entity_type": "DASHBOARD", "discriminator": null}, "_created_time": 1722328930917, "_tenant_id": {"_id": "21a1fcf0-b264-11eb-a12e-ffb44c71c895", "_entity_type": "TENANT", "discriminator": null}, "_title": "Irrigation Management", "_image": null, "_assigned_customers": null, "_mobile_hide": false, "_mobile_order": null, "_version": null, "_name": "Irrigation Management", "discriminator": null}, {"_id": {"_id": "e59818d0-4dbe-11ef-a2b5-317877fcdd91", "_entity_type": "DASHBOARD", "discriminator": null}, "_created_time": 1722266776285, "_tenant_id": {"_id": "21a1fcf0-b264-11eb-a12e-ffb44c71c895", "_entity_type": "TENANT", "discriminator": null}, "_title": "SF4H - ZWE_PROG_HF - Bulawayo - Zimbabwe", "_image": null, "_assigned_customers": null, "_mobile_hide": false, "_mobile_order": null, "_version": null, "_name": "SF4H - ZWE_PROG_HF - Bulawayo - Zimbabwe", "discriminator": null}, {"_id": {"_id": "76a72990-53d9-11ef-a2b5-317877fcdd91", "_entity_type": "DASHBOARD", "discriminator": null}, "_created_time": 1722937893545, "_tenant_id": {"_id": "21a1fcf0-b264-11eb-a12e-ffb44c71c895", "_entity_type": "TENANT", "discriminator": null}, "_title": "Jordan JOR UNDP CO", "_image": null, "_assigned_customers": null, "_mobile_hide": false, "_mobile_order": null, "_version": null, "_name": "Jordan JOR UNDP CO", "discriminator": null}, {"_id": {"_id": "2bf20810-5588-11ef-a2b5-317877fcdd91", "_entity_type": "DASHBOARD", "discriminator": null}, "_created_time": 1723122881297, "_tenant_id": {"_id": "21a1fcf0-b264-11eb-a12e-ffb44c71c895", "_entity_type": "TENANT", "discriminator": null}, "_title": "India IND UNDP CO", "_image": null, "_assigned_customers": null, "_mobile_hide": false, "_mobile_order": null, "_version": null, "_name": "India IND UNDP CO", "discriminator": null}, {"_id": {"_id": "d3f9baa0-0159-11ee-8a7e-050ad358362c", "_entity_type": "DASHBOARD", "discriminator": null}, "_created_time": 1685719581514, "_tenant_id": {"_id": "21a1fcf0-b264-11eb-a12e-ffb44c71c895", "_entity_type": "TENANT", "discriminator": null}, "_title": "Smart Facility User Management", "_image": null, "_assigned_customers": null, "_mobile_hide": false, "_mobile_order": null, "_version": null, "_name": "Smart Facility User Management", "discriminator": null}, {"_id": {"_id": "cddffd30-822a-11ee-8a7e-050ad358362c", "_entity_type": "DASHBOARD", "discriminator": null}, "_created_time": 1699883084931, "_tenant_id": {"_id": "21a1fcf0-b264-11eb-a12e-ffb44c71c895", "_entity_type": "TENANT", "discriminator": null}, "_title": "T\u00fcrkiye TUR UNDP CO", "_image": null, "_assigned_customers": null, "_mobile_hide": false, "_mobile_order": null, "_version": null, "_name": "T\u00fcrkiye TUR UNDP CO", "discriminator": null}, {"_id": {"_id": "dbf1bd30-820e-11ee-8a7e-050ad358362c", "_entity_type": "DASHBOARD", "discriminator": null}, "_created_time": 1699871082627, "_tenant_id": {"_id": "21a1fcf0-b264-11eb-a12e-ffb44c71c895", "_entity_type": "TENANT", "discriminator": null}, "_title": "Dominican Republic  DOM UNDP CO", "_image": null, "_assigned_customers": null, "_mobile_hide": false, "_mobile_order": null, "_version": null, "_name": "Dominican Republic  DOM UNDP CO", "discriminator": null}, {"_id": {"_id": "003bec30-78a8-11ee-8a7e-050ad358362c", "_entity_type": "DASHBOARD", "discriminator": null}, "_created_time": 1698837344883, "_tenant_id": {"_id": "21a1fcf0-b264-11eb-a12e-ffb44c71c895", "_entity_type": "TENANT", "discriminator": null}, "_title": "Egypt EGY UNDP CO", "_image": null, "_assigned_customers": null, "_mobile_hide": false, "_mobile_order": null, "_version": null, "_name": "Egypt EGY UNDP CO", "discriminator": null}, {"_id": {"_id": "39a6e4c0-e2de-11ee-b3ec-db8c8ed9fba2", "_entity_type": "DASHBOARD", "discriminator": null}, "_created_time": 1710515457292, "_tenant_id": {"_id": "21a1fcf0-b264-11eb-a12e-ffb44c71c895", "_entity_type": "TENANT", "discriminator": null}, "_title": "TEST Dashboard ", "_image": null, "_assigned_customers": null, "_mobile_hide": false, "_mobile_order": null, "_version": null, "_name": "TEST Dashboard ", "discriminator": null}, {"_id": {"_id": "19220400-d6bf-11ec-a19f-e3702ceceecd", "_entity_type": "DASHBOARD", "discriminator": null}, "_created_time": 1652887679040, "_tenant_id": {"_id": "21a1fcf0-b264-11eb-a12e-ffb44c71c895", "_entity_type": "TENANT", "discriminator": null}, "_title": "Home", "_image": null, "_assigned_customers": null, "_mobile_hide": false, "_mobile_order": null, "_version": null, "_name": "Home", "discriminator": null}, {"_id": {"_id": "97f559f0-0009-11f0-9900-fd85c2773fb9", "_entity_type": "DASHBOARD", "discriminator": null}, "_created_time": 1741870165263, "_tenant_id": {"_id": "21a1fcf0-b264-11eb-a12e-ffb44c71c895", "_entity_type": "TENANT", "discriminator": null}, "_title": "Assisted Living Administration", "_image": null, "_assigned_customers": null, "_mobile_hide": false, "_mobile_order": null, "_version": null, "_name": "Assisted Living Administration", "discriminator": null}, {"_id": {"_id": "d3fc0490-0159-11ee-8a7e-050ad358362c", "_entity_type": "DASHBOARD", "discriminator": null}, "_created_time": 1685719581529, "_tenant_id": {"_id": "21a1fcf0-b264-11eb-a12e-ffb44c71c895", "_entity_type": "TENANT", "discriminator": null}, "_title": "Smart Facility Administration", "_image": null, "_assigned_customers": null, "_mobile_hide": false, "_mobile_order": null, "_version": null, "_name": "Smart Facility Administration", "discriminator": null}, {"_id": {"_id": "30c0b9c0-456e-11ee-8a7e-050ad358362c", "_entity_type": "DASHBOARD", "discriminator": null}, "_created_time": 1693205006172, "_tenant_id": {"_id": "21a1fcf0-b264-11eb-a12e-ffb44c71c895", "_entity_type": "TENANT", "discriminator": null}, "_title": "SF4H - Eswatini - RFM", "_image": null, "_assigned_customers": null, "_mobile_hide": false, "_mobile_order": null, "_version": null, "_name": "SF4H - Eswatini - RFM", "discriminator": null}, {"_id": {"_id": "e1586f50-d167-11ee-b3ec-db8c8ed9fba2", "_entity_type": "DASHBOARD", "discriminator": null}, "_created_time": 1708595458757, "_tenant_id": {"_id": "21a1fcf0-b264-11eb-a12e-ffb44c71c895", "_entity_type": "TENANT", "discriminator": null}, "_title": "New York  UNDP-HQ-US-NW", "_image": null, "_assigned_customers": null, "_mobile_hide": false, "_mobile_order": null, "_version": null, "_name": "New York  UNDP-HQ-US-NW", "discriminator": null}, {"_id": {"_id": "6597c820-c104-11ee-b3fd-e7a512b0a972", "_entity_type": "DASHBOARD", "discriminator": null}, "_created_time": 1706793512354, "_tenant_id": {"_id": "21a1fcf0-b264-11eb-a12e-ffb44c71c895", "_entity_type": "TENANT", "discriminator": null}, "_title": "Kyrgyzstan KGZ UNDP CO", "_image": null, "_assigned_customers": null, "_mobile_hide": false, "_mobile_order": null, "_version": null, "_name": "Kyrgyzstan KGZ UNDP CO", "discriminator": null}, {"_id": {"_id": "7415e300-a4a3-11ee-8a7e-050ad358362c", "_entity_type": "DASHBOARD", "discriminator": null}, "_created_time": 1703673242928, "_tenant_id": {"_id": "21a1fcf0-b264-11eb-a12e-ffb44c71c895", "_entity_type": "TENANT", "discriminator": null}, "_title": "Bahrain BHR UNDP CO", "_image": null, "_assigned_customers": null, "_mobile_hide": false, "_mobile_order": null, "_version": null, "_name": "Bahrain BHR UNDP CO", "discriminator": null}, {"_id": {"_id": "1bb9bbc0-950b-11ee-8a7e-050ad358362c", "_entity_type": "DASHBOARD", "discriminator": null}, "_created_time": 1701958543740, "_tenant_id": {"_id": "21a1fcf0-b264-11eb-a12e-ffb44c71c895", "_entity_type": "TENANT", "discriminator": null}, "_title": "Mozambique MOZ OHCHR CO", "_image": null, "_assigned_customers": null, "_mobile_hide": false, "_mobile_order": null, "_version": null, "_name": "Mozambique MOZ OHCHR CO", "discriminator": null}, {"_id": {"_id": "d2f9f590-9801-11ee-8a7e-050ad358362c", "_entity_type": "DASHBOARD", "discriminator": null}, "_created_time": 1702284409705, "_tenant_id": {"_id": "21a1fcf0-b264-11eb-a12e-ffb44c71c895", "_entity_type": "TENANT", "discriminator": null}, "_title": "Nigeria NGA UNDP CO", "_image": null, "_assigned_customers": null, "_mobile_hide": false, "_mobile_order": null, "_version": null, "_name": "Nigeria NGA UNDP CO", "discriminator": null}, {"_id": {"_id": "ce2cdcd0-2e51-11ef-a2b5-317877fcdd91", "_entity_type": "DASHBOARD", "discriminator": null}, "_created_time": 1718811435805, "_tenant_id": {"_id": "21a1fcf0-b264-11eb-a12e-ffb44c71c895", "_entity_type": "TENANT", "discriminator": null}, "_title": "Accuenergy TEST", "_image": null, "_assigned_customers": null, "_mobile_hide": false, "_mobile_order": null, "_version": null, "_name": "Accuenergy TEST", "discriminator": null}, {"_id": {"_id": "d1bf6b70-92ab-11ee-8a7e-050ad358362c", "_entity_type": "DASHBOARD", "discriminator": null}, "_created_time": 1701697715111, "_tenant_id": {"_id": "21a1fcf0-b264-11eb-a12e-ffb44c71c895", "_entity_type": "TENANT", "discriminator": null}, "_title": "Botswana BWA UNDP CO", "_image": null, "_assigned_customers": null, "_mobile_hide": false, "_mobile_order": null, "_version": null, "_name": "Botswana BWA UNDP CO", "discriminator": null}, {"_id": {"_id": "7e454b90-c019-11ee-b3fd-e7a512b0a972", "_entity_type": "DASHBOARD", "discriminator": null}, "_created_time": 1706692622025, "_tenant_id": {"_id": "21a1fcf0-b264-11eb-a12e-ffb44c71c895", "_entity_type": "TENANT", "discriminator": null}, "_title": "Waste Management Administration", "_image": null, "_assigned_customers": null, "_mobile_hide": false, "_mobile_order": null, "_version": null, "_name": "Waste Management Administration", "discriminator": null}, {"_id": {"_id": "c52e5c40-8d1a-11ee-8a7e-050ad358362c", "_entity_type": "DASHBOARD", "discriminator": null}, "_created_time": 1701085661188, "_tenant_id": {"_id": "21a1fcf0-b264-11eb-a12e-ffb44c71c895", "_entity_type": "TENANT", "discriminator": null}, "_title": "Mozambique MOZ UNDP CO", "_image": null, "_assigned_customers": null, "_mobile_hide": false, "_mobile_order": null, "_version": null, "_name": "Mozambique MOZ UNDP CO", "discriminator": null}, {"_id": {"_id": "9fe27b70-8d0f-11ee-8a7e-050ad358362c", "_entity_type": "DASHBOARD", "discriminator": null}, "_created_time": 1701080874151, "_tenant_id": {"_id": "21a1fcf0-b264-11eb-a12e-ffb44c71c895", "_entity_type": "TENANT", "discriminator": null}, "_title": "Thailand THA UNDP CO", "_image": null, "_assigned_customers": null, "_mobile_hide": false, "_mobile_order": null, "_version": null, "_name": "Thailand THA UNDP CO", "discriminator": null}, {"_id": {"_id": "5b792d00-8885-11ee-8a7e-050ad358362c", "_entity_type": "DASHBOARD", "discriminator": null}, "_created_time": 1700581684176, "_tenant_id": {"_id": "21a1fcf0-b264-11eb-a12e-ffb44c71c895", "_entity_type": "TENANT", "discriminator": null}, "_title": "Morocco MAR UNDP CO", "_image": null, "_assigned_customers": null, "_mobile_hide": false, "_mobile_order": null, "_version": null, "_name": "Morocco MAR UNDP CO", "discriminator": null}, {"_id": {"_id": "15c47350-879f-11ee-8a7e-050ad358362c", "_entity_type": "DASHBOARD", "discriminator": null}, "_created_time": 1700482782981, "_tenant_id": {"_id": "21a1fcf0-b264-11eb-a12e-ffb44c71c895", "_entity_type": "TENANT", "discriminator": null}, "_title": "Bolivia BOL UNDP CO", "_image": null, "_assigned_customers": null, "_mobile_hide": false, "_mobile_order": null, "_version": null, "_name": "Bolivia BOL UNDP CO", "discriminator": null}, {"_id": {"_id": "f26808b0-846d-11ee-8a7e-050ad358362c", "_entity_type": "DASHBOARD", "discriminator": null}, "_created_time": 1700131824827, "_tenant_id": {"_id": "21a1fcf0-b264-11eb-a12e-ffb44c71c895", "_entity_type": "TENANT", "discriminator": null}, "_title": "SF4Health, Afghanistan, CMS", "_image": null, "_assigned_customers": null, "_mobile_hide": false, "_mobile_order": null, "_version": null, "_name": "SF4Health, Afghanistan, CMS", "discriminator": null}, {"_id": {"_id": "02e24750-eb57-11ee-b3ec-db8c8ed9fba2", "_entity_type": "DASHBOARD", "discriminator": null}, "_created_time": 1711446943813, "_tenant_id": {"_id": "21a1fcf0-b264-11eb-a12e-ffb44c71c895", "_entity_type": "TENANT", "discriminator": null}, "_title": "Wall of Fame 02", "_image": null, "_assigned_customers": null, "_mobile_hide": false, "_mobile_order": null, "_version": null, "_name": "Wall of Fame 02", "discriminator": null}, {"_id": {"_id": "c174b730-d198-11ee-b3ec-db8c8ed9fba2", "_entity_type": "DASHBOARD", "discriminator": null}, "_created_time": 1708616450595, "_tenant_id": {"_id": "21a1fcf0-b264-11eb-a12e-ffb44c71c895", "_entity_type": "TENANT", "discriminator": null}, "_title": "Public Wall of Fame", "_image": null, "_assigned_customers": null, "_mobile_hide": false, "_mobile_order": null, "_version": null, "_name": "Public Wall of Fame", "discriminator": null}, {"_id": {"_id": "ee14c380-ea9c-11ee-b3ec-db8c8ed9fba2", "_entity_type": "DASHBOARD", "discriminator": null}, "_created_time": 1711367022520, "_tenant_id": {"_id": "21a1fcf0-b264-11eb-a12e-ffb44c71c895", "_entity_type": "TENANT", "discriminator": null}, "_title": "Benin BEN UNDP CO", "_image": null, "_assigned_customers": null, "_mobile_hide": false, "_mobile_order": null, "_version": null, "_name": "Benin BEN UNDP CO", "discriminator": null}, {"_id": {"_id": "2da15d70-dd31-11ee-b3ec-db8c8ed9fba2", "_entity_type": "DASHBOARD", "discriminator": null}, "_created_time": 1709891378375, "_tenant_id": {"_id": "21a1fcf0-b264-11eb-a12e-ffb44c71c895", "_entity_type": "TENANT", "discriminator": null}, "_title": "Burundi BDI UNDP CO", "_image": null, "_assigned_customers": null, "_mobile_hide": false, "_mobile_order": null, "_version": null, "_name": "Burundi BDI UNDP CO", "discriminator": null}, {"_id": {"_id": "58026940-d496-11ee-b3ec-db8c8ed9fba2", "_entity_type": "DASHBOARD", "discriminator": null}, "_created_time": 1708945268180, "_tenant_id": {"_id": "21a1fcf0-b264-11eb-a12e-ffb44c71c895", "_entity_type": "TENANT", "discriminator": null}, "_title": "Lao People's Democratic Republic SUB-UNDP CO", "_image": null, "_assigned_customers": null, "_mobile_hide": false, "_mobile_order": null, "_version": null, "_name": "Lao People's Democratic Republic SUB-UNDP CO", "discriminator": null}, {"_id": {"_id": "c7497640-d185-11ee-b3ec-db8c8ed9fba2", "_entity_type": "DASHBOARD", "discriminator": null}, "_created_time": 1708608299940, "_tenant_id": {"_id": "21a1fcf0-b264-11eb-a12e-ffb44c71c895", "_entity_type": "TENANT", "discriminator": null}, "_title": "Wall of Fame", "_image": null, "_assigned_customers": null, "_mobile_hide": false, "_mobile_order": null, "_version": null, "_name": "Wall of Fame", "discriminator": null}, {"_id": {"_id": "ce254100-f9cb-11ef-9900-fd85c2773fb9", "_entity_type": "DASHBOARD", "discriminator": null}, "_created_time": 1741183920400, "_tenant_id": {"_id": "21a1fcf0-b264-11eb-a12e-ffb44c71c895", "_entity_type": "TENANT", "discriminator": null}, "_title": "Home Dashbord for RBA", "_image": null, "_assigned_customers": null, "_mobile_hide": false, "_mobile_order": null, "_version": null, "_name": "Home Dashbord for RBA", "discriminator": null}, {"_id": {"_id": "a574eac0-4f22-11ef-a2b5-317877fcdd91", "_entity_type": "DASHBOARD", "discriminator": null}, "_created_time": 1722419569516, "_tenant_id": {"_id": "21a1fcf0-b264-11eb-a12e-ffb44c71c895", "_entity_type": "TENANT", "discriminator": null}, "_title": "SF4H - ZWE_PROG_HF - Gweru - Zimbabwe", "_image": null, "_assigned_customers": null, "_mobile_hide": false, "_mobile_order": null, "_version": null, "_name": "SF4H - ZWE_PROG_HF - Gweru - Zimbabwe", "discriminator": null}, {"_id": {"_id": "68289980-5a41-11ef-83b0-53fdf8126a34", "_entity_type": "DASHBOARD", "discriminator": null}, "_created_time": 1723642243864, "_tenant_id": {"_id": "21a1fcf0-b264-11eb-a12e-ffb44c71c895", "_entity_type": "TENANT", "discriminator": null}, "_title": "SF4H - ZWE_PROG_HF - Chinhoyi - Zimbabwe", "_image": null, "_assigned_customers": null, "_mobile_hide": false, "_mobile_order": null, "_version": null, "_name": "SF4H - ZWE_PROG_HF - Chinhoyi - Zimbabwe", "discriminator": null}, {"_id": {"_id": "46ef3b40-6311-11ec-82e6-e3702ceceecd", "_entity_type": "DASHBOARD", "discriminator": null}, "_created_time": 1640168639732, "_tenant_id": {"_id": "21a1fcf0-b264-11eb-a12e-ffb44c71c895", "_entity_type": "TENANT", "discriminator": null}, "_title": "UNDP Copenhagen", "_image": null, "_assigned_customers": null, "_mobile_hide": false, "_mobile_order": null, "_version": null, "_name": "UNDP Copenhagen", "discriminator": null}, {"_id": {"_id": "d4021f10-0159-11ee-8a7e-050ad358362c", "_entity_type": "DASHBOARD", "discriminator": null}, "_created_time": 1685719581569, "_tenant_id": {"_id": "21a1fcf0-b264-11eb-a12e-ffb44c71c895", "_entity_type": "TENANT", "discriminator": null}, "_title": "Smart Facility End-User Dashboard", "_image": null, "_assigned_customers": null, "_mobile_hide": false, "_mobile_order": null, "_version": null, "_name": "Smart Facility End-User Dashboard", "discriminator": null}, {"_id": {"_id": "9b099b40-fcf1-11ee-89c6-c77684f0fae4", "_entity_type": "DASHBOARD", "discriminator": null}, "_created_time": 1713382511348, "_tenant_id": {"_id": "21a1fcf0-b264-11eb-a12e-ffb44c71c895", "_entity_type": "TENANT", "discriminator": null}, "_title": "IoT Edge Dashboard", "_image": null, "_assigned_customers": null, "_mobile_hide": false, "_mobile_order": null, "_version": null, "_name": "IoT Edge Dashboard", "discriminator": null}, {"_id": {"_id": "700301e0-5a55-11ef-83b0-53fdf8126a34", "_entity_type": "DASHBOARD", "discriminator": null}, "_created_time": 1723650846974, "_tenant_id": {"_id": "21a1fcf0-b264-11eb-a12e-ffb44c71c895", "_entity_type": "TENANT", "discriminator": null}, "_title": "NatPharm warehouse, Zimbabwe - SF4Health - 3 sites", "_image": null, "_assigned_customers": null, "_mobile_hide": false, "_mobile_order": null, "_version": null, "_name": "NatPharm warehouse, Zimbabwe - SF4Health - 3 sites", "discriminator": null}, {"_id": {"_id": "ecafd010-0964-11f0-9900-fd85c2773fb9", "_entity_type": "DASHBOARD", "discriminator": null}, "_created_time": 1742898952081, "_tenant_id": {"_id": "21a1fcf0-b264-11eb-a12e-ffb44c71c895", "_entity_type": "TENANT", "discriminator": null}, "_title": "SF4H - Eswatini - RFM-Public", "_image": null, "_assigned_customers": null, "_mobile_hide": false, "_mobile_order": null, "_version": null, "_name": "SF4H - Eswatini - RFM-Public", "discriminator": null}, {"_id": {"_id": "a4ce7770-cf03-11ee-b3fd-e7a512b0a972", "_entity_type": "DASHBOARD", "discriminator": null}, "_created_time": 1708332505191, "_tenant_id": {"_id": "21a1fcf0-b264-11eb-a12e-ffb44c71c895", "_entity_type": "TENANT", "discriminator": null}, "_title": "Panama PAN UNDP CO", "_image": null, "_assigned_customers": null, "_mobile_hide": false, "_mobile_order": null, "_version": null, "_name": "Panama PAN UNDP CO", "discriminator": null}, {"_id": {"_id": "a95871d0-6f1b-11ee-8a7e-050ad358362c", "_entity_type": "DASHBOARD", "discriminator": null}, "_created_time": 1697787509101, "_tenant_id": {"_id": "21a1fcf0-b264-11eb-a12e-ffb44c71c895", "_entity_type": "TENANT", "discriminator": null}, "_title": "Default Landing Dashboard", "_image": null, "_assigned_customers": null, "_mobile_hide": false, "_mobile_order": null, "_version": null, "_name": "Default Landing Dashboard", "discriminator": null}, {"_id": {"_id": "25d0d670-6c33-11ef-83b0-53fdf8126a34", "_entity_type": "DASHBOARD", "discriminator": null}, "_created_time": 1725615240535, "_tenant_id": {"_id": "21a1fcf0-b264-11eb-a12e-ffb44c71c895", "_entity_type": "TENANT", "discriminator": null}, "_title": "New York UNDP-HQ v2", "_image": null, "_assigned_customers": null, "_mobile_hide": false, "_mobile_order": null, "_version": null, "_name": "New York UNDP-HQ v2", "discriminator": null}, {"_id": {"_id": "34524f20-a726-11ef-b7b3-2911d22225fe", "_entity_type": "DASHBOARD", "discriminator": null}, "_created_time": 1732096800018, "_tenant_id": {"_id": "21a1fcf0-b264-11eb-a12e-ffb44c71c895", "_entity_type": "TENANT", "discriminator": null}, "_title": "Sri Lanka LKA UNDP CO", "_image": null, "_assigned_customers": null, "_mobile_hide": false, "_mobile_order": null, "_version": null, "_name": "Sri Lanka LKA UNDP CO", "discriminator": null}, {"_id": {"_id": "d76ead90-7989-11ef-83b0-53fdf8126a34", "_entity_type": "DASHBOARD", "discriminator": null}, "_created_time": 1727081840361, "_tenant_id": {"_id": "21a1fcf0-b264-11eb-a12e-ffb44c71c895", "_entity_type": "TENANT", "discriminator": null}, "_title": "Eastron test dashboard", "_image": null, "_assigned_customers": null, "_mobile_hide": false, "_mobile_order": null, "_version": null, "_name": "Eastron test dashboard", "discriminator": null}, {"_id": {"_id": "bb8fe5c0-8227-11ef-83b0-53fdf8126a34", "_entity_type": "DASHBOARD", "discriminator": null}, "_created_time": 1728029263388, "_tenant_id": {"_id": "21a1fcf0-b264-11eb-a12e-ffb44c71c895", "_entity_type": "TENANT", "discriminator": null}, "_title": "02- SRB - Serbia - MCO", "_image": null, "_assigned_customers": null, "_mobile_hide": false, "_mobile_order": null, "_version": null, "_name": "02- SRB - Serbia - MCO", "discriminator": null}, {"_id": {"_id": "8981bbc0-e9e8-11ef-b7b3-2911d22225fe", "_entity_type": "DASHBOARD", "discriminator": null}, "_created_time": 1739437042044, "_tenant_id": {"_id": "21a1fcf0-b264-11eb-a12e-ffb44c71c895", "_entity_type": "TENANT", "discriminator": null}, "_title": "FAO - Jordan Office", "_image": null, "_assigned_customers": null, "_mobile_hide": false, "_mobile_order": null, "_version": null, "_name": "FAO - Jordan Office", "discriminator": null}, {"_id": {"_id": "882f3a60-a5a8-11ef-b7b3-2911d22225fe", "_entity_type": "DASHBOARD", "discriminator": null}, "_created_time": 1731932872966, "_tenant_id": {"_id": "21a1fcf0-b264-11eb-a12e-ffb44c71c895", "_entity_type": "TENANT", "discriminator": null}, "_title": "Ethiopia RSCA Office", "_image": null, "_assigned_customers": null, "_mobile_hide": false, "_mobile_order": null, "_version": null, "_name": "Ethiopia RSCA Office", "discriminator": null}], "_total_pages": 1, "_total_elements": 95, "_has_next": false, "discriminator": null}